Style No,Brand,Category,Season
ST-4400,Velora,Brief,AW25
ST-4401,Kindred,Bra,AW26
ST-4402,Northline,Sleepwear,SS26
ST-4403,Aurelle,Brief,AW26
ST-4404,Lunaria,Activewear,AW26
ST-4405,Velora,Brief,SS26
ST-4406,Aurelle,Brief,AW26
ST-4407,Velora,Shapewear,SS25
ST-4408,Velora,Brief,SS25
ST-4409,Northline,Sleepwear,AW26
ST-4410,Aurelle,Brief,AW25
ST-4411,Aurelle,Shapewear,SS25
ST-4412,Velora,Activewear,AW25
ST-4413,Lunaria,Brief,AW25
ST-4414,Aurelle,Bra,SS26
ST-4415,Aurelle,Shapewear,AW25
ST-4416,Lunaria,Sleepwear,SS26
ST-4417,Lunaria,Sleepwear,SS26
ST-4418,Velora,Brief,AW26
ST-4419,Kindred,Bra,AW25
ST-4420,Aurelle,Bra,AW26
ST-4421,Kindred,Shapewear,AW26
ST-4422,Velora,Brief,SS26
ST-4423,Aurelle,Bra,SS26
ST-4424,Kindred,Brief,AW26
ST-4425,Velora,Shapewear,SS26
ST-4426,Kindred,Brief,AW26
ST-4427,Aurelle,Brief,AW25
ST-4428,Aurelle,Brief,AW26
ST-4429,Aurelle,Bra,AW26
ST-4430,Lunaria,Bra,AW25
ST-4431,Kindred,Sleepwear,SS26
ST-4432,Kindred,Brief,AW25
ST-4433,Aurelle,Bra,AW26
ST-4434,Aurelle,Shapewear,SS26
ST-4435,Aurelle,Brief,AW25
ST-4436,Aurelle,Shapewear,AW25
ST-4437,Lunaria,Bra,AW25
ST-4438,Kindred,Brief,AW26
ST-4439,Aurelle,Activewear,SS25
ST-4440,Northline,Shapewear,AW25
ST-4441,Northline,Sleepwear,AW25
ST-4442,Velora,Brief,SS26
ST-4443,Aurelle,Activewear,AW25
ST-4444,Lunaria,Bra,SS26
ST-4445,Kindred,Bra,AW25
ST-4446,Velora,Sleepwear,AW25
ST-4447,Lunaria,Shapewear,SS26
ST-4448,Kindred,Shapewear,SS26
ST-4449,Lunaria,Bra,SS25
ST-4450,Lunaria,Bra,SS26
ST-4451,Aurelle,Brief,SS25
ST-4452,Aurelle,Activewear,AW26
ST-4453,Lunaria,Brief,SS26
ST-4454,Aurelle,Activewear,AW25
ST-4455,Velora,Bra,AW25
ST-4456,Lunaria,Brief,AW25
ST-4457,Kindred,Brief,AW26
ST-4458,Aurelle,Bra,SS26
ST-4459,Lunaria,Bra,SS26
ST-4460,Velora,Activewear,SS26
ST-4461,Kindred,Bra,SS25
ST-4462,Kindred,Bra,SS25
ST-4463,Velora,Sleepwear,SS26
ST-4464,Aurelle,Activewear,AW26
ST-4465,Aurelle,Brief,SS25
ST-4466,Lunaria,Sleepwear,AW25
ST-4467,Lunaria,Activewear,AW26
ST-4468,Lunaria,Brief,AW26
ST-4469,Northline,Bra,AW25
ST-4470,Aurelle,Brief,AW26
ST-4471,Northline,Shapewear,AW26
ST-4472,Northline,Activewear,SS25
ST-4473,Lunaria,Sleepwear,SS26
ST-4474,Kindred,Brief,AW26
ST-4475,Velora,Bra,SS25
ST-4476,Northline,Bra,SS25
ST-4477,Velora,Bra,SS25
ST-4478,Aurelle,Brief,SS26
ST-4479,Aurelle,Bra,AW26
ST-4480,Velora,Activewear,AW25
ST-4481,Aurelle,Bra,SS26
ST-4482,Aurelle,Bra,SS25
ST-4483,Aurelle,Brief,SS26
ST-4484,Kindred,Brief,AW25
ST-4485,Velora,Shapewear,SS25
ST-4486,Velora,Bra,AW25
ST-4487,Northline,Brief,SS25
ST-4488,Lunaria,Brief,SS26
ST-4489,Northline,Bra,SS26
ST-4490,Northline,Bra,SS26
ST-4491,Kindred,Bra,SS26
ST-4492,Aurelle,Brief,SS25
ST-4493,Kindred,Activewear,AW26
ST-4494,Velora,Brief,SS26
ST-4495,Aurelle,Bra,AW26
ST-4496,Velora,Sleepwear,AW25
ST-4497,Kindred,Shapewear,SS25
ST-4498,Velora,Shapewear,AW25
ST-4499,Lunaria,Brief,AW25
ST-4500,Kindred,Activewear,AW25
ST-4501,Aurelle,Bra,AW25
ST-4502,Velora,Sleepwear,AW26
ST-4503,Aurelle,Brief,SS25
ST-4504,Aurelle,Sleepwear,AW25
ST-4505,Aurelle,Activewear,AW25
ST-4506,Aurelle,Bra,SS26
ST-4507,Aurelle,Bra,SS25
ST-4508,Aurelle,Bra,AW26
ST-4509,Kindred,Shapewear,SS25
ST-4510,Lunaria,Bra,AW26
ST-4511,Velora,Activewear,SS26
ST-4512,Aurelle,Bra,AW26
ST-4513,Aurelle,Brief,SS25
ST-4514,Lunaria,Bra,SS25
ST-4515,Kindred,Bra,AW25
ST-4516,Velora,Bra,AW25
ST-4517,Aurelle,Sleepwear,AW26
ST-4518,Northline,Activewear,AW25
ST-4519,Velora,Shapewear,AW26
